<?xml version="1.0" encoding="utf-8"?>
<extension type="file" version="2.5" method="upgrade">
  <name>jDiction Integration for JoomGallery</name>
  <creationDate>2011/10/18</creationDate>
  <author>JoomGallery::ProjectTeam</author>
  <copyright>This component is released under the GNU/GPL License</copyright>
  <authorEmail>team@joomgallery.net</authorEmail>
  <authorUrl>http://www.joomgallery.net</authorUrl>
  <version>1.0</version>
  <description>With this file it is possible to translate JoomGallery contents with jDiction.</description>
  <fileset>
    <files target="administrator/components/com_joomgallery">
      <file>jdiction.xml</file>
    </files>
  </fileset>
  <updateservers>
    <server type="extension" priority="1" name="JoomGallery Update Service">http://en.joomgallery.net/components/com_newversion/xml/extensions2.xml</server>
  </updateservers>
</extension>