<?xml version="1.0" encoding="utf-8"?>
<!DOCTYPE install PUBLIC "-//Joomla! 1.6//DTD template 1.0//EN" "http://www.joomla.org/xml/dtd/1.6/template-install.dtd">
<extension version="1.6" client="site" type="template" method="upgrade">
  <name>Soccer_J2.5</name>
  <creationDate>2012-05-18</creationDate>
  <version>3.5</version>
  <author>PC-DIDI</author>
  <authorUrl>www.pc-didi.at</authorUrl>
  <description>Soccer_J_2.5 | | Webdesign by PC-DIDI | http://www.pc-didi.at | |</description>
  <files>
    <folder>images</folder>
    <folder>joomla_images</folder>
    <folder>css</folder>
    <folder>html</folder>
    <folder>classes</folder>
    <file>favicon.ico</file>
    <file>template_thumbnail.png</file>
    <file>template_preview.png</file>
    <file>classes.php</file>
    <file>jquery.js</file>
    <file>script.js</file>
    <file>component.php</file>
    <file>functions.php</file>
    <file>index.html</file>
    <file>index.php</file>
    <file>params.ini</file>
    <file>ReadMe.txt</file>
  </files>
  <positions>
    <position>banner1</position>
    <position>banner2</position>
    <position>banner3</position>
    <position>banner4</position>
    <position>banner5</position>
    <position>banner6</position>
    <position>bottom1</position>
    <position>bottom2</position>
    <position>bottom3</position>
    <position>breadcrumb</position>
    <position>copyright</position>
    <position>debug</position>
    <position>extra1</position>
    <position>extra2</position>
    <position>left</position>
    <position>right</position>
    <position>syndicate</position>
    <position>top1</position>
    <position>top2</position>
    <position>top3</position>
    <position>user1</position>
    <position>user2</position>
    <position>user3</position>
    <position>user4</position>
    <position>user5</position>
     <position>header-pos</position>
  </positions>
</extension>